,city,weather
0,Москва,Москва
1,Абрамцево,Москва
2,Апрелевка,Москва
3,Ашитково,Москва
4,Байконур,Тургай
5,Балашиха,Москва
6,Барыбино,Москва
7,Белоомут,Москва
8,Белые Столбы,Москва
9,Бронницы,Москва
10,Вербилки,Москва
11,Верея,Москва
12,Видное,Москва
13,Вождь Пролетариата,Москва
14,Волоколамск,Москва
15,Воскресенск,Москва
16,Высоковск,Москва
17,Деденево,Москва
18,Дедовск,Москва
19,Дмитров,Москва
20,Долгопрудный,Москва
21,Дрезна,Москва
22,Дубна,Красноярск
23,Егорьевск,Москва
24,Жилево,Москва
25,Загорск,Москва
26,Загорянский,Москва
27,Зарайск,Москва
28,Звенигород,Москва
29,Зеленоград,Ижевск
30,Ивантеевка,Москва
31,Икша,Москва
32,Калининград,Калининград
33,Кашира,Москва
34,Керва,Москва
35,Климовск,Москва
36,Клязьма,Елатьма
37,Коломна,Москва
38,Колюбакино,Москва
39,Котельники,Москва
40,Красково,Москва
41,Красногорск,Москва
42,Краснозаводск,Москва
43,Красный Ткач,Кустанай
44,Кубинка,Москва
45,Куровское,Москва
46,Лесной Городок,Москва
47,Ликино-Дулево,Москва
48,Лобня,Москва
49,Лосино-Петровский,Москва
50,Лотошино,Москва
51,Луховицы,Москва
52,Лыткарино,Москва
53,Люберцы,Москва
54,Малаховка,Москва
55,Можайск,Москва
56,Монино,Москва
57,Мытищи,Москва
58,Нарофоминск,Москва
59,Нахабино,Москва
60,Новобратцевский,Москва
61,Ногинск,Москва
62,Одинцово,Москва
63,Озеры,Минск
64,Орехово-Зуево,Москва
65,Павловский Посад,Москва
66,Пироговский,Москва
67,Подольск,Москва
68,Правдинский,Ижевск
69,Протвино,Москва
70,Пушкино,Москва
71,Пущино,Москва
72,Радовицкий,Саратов
73,Раменское,Москва
74,Реутов,Москва
75,Рублево,Москва
76,Руза,Москва
77,Сергиев Посад,Москва
78,Серебряные Пруды,Москва
79,Серпухов,Москва
80,Солнечногорск,Красноярск
81,Софрино,Москва
82,Старая Купавна,Москва
83,Старбеево,Москва
84,Ступино,Москва
85,Сходня,Москва
86,Талдом,Москва
87,Темпы,Москва
88,Томилино,Москва
89,Туголесский Бор,Елатьма
90,Тучково,Москва
91,Фосфоритный,Москва
92,Фрязино,Москва
93,Фряново,Москва
94,Химки,Москва
95,Хотьково,Москва
96,Черноголовка,Москва
97,Черусти,Елатьма
98,Шатурторф,Москва
99,Щелково,Москва
100,Щербинка,Москва
101,Электрогорск,Москва
102,Электросталь,Москва
103,Электроугли,Москва
104,Яхрома,Москва
105,Санкт-Петербург,Санкт-Петербург
106,Бокситогорск,Красноярск
107,Большая Ижора,Красноярск
108,Будогощь,Красноярск
109,Волосово,Красноярск
110,Волхов,Веребье
111,Всеволожск,Красноярск
112,Выборг,Красноярск
113,Вырица,Красноярск
114,Высоцк,Красноярск
115,Гатчина,Красноярск
116,Ефимовский,Красноярск
117,Ивангород,Красноярск
118,Каменногорск,Красноярск
119,Кикерино,Санкт-Петербург
120,Кингисепп,Красноярск
121,Кириши,Красноярск
122,Кобринское,Красноярск
123,Колпино,Санкт-Петербург
124,Кронштадт,Санкт-Петербург
125,Лисий Нос,Санкт-Петербург
126,Лодейное Поле,Красноярск
127,Луга,Санкт-Петербург
128,Парголово,Санкт-Петербург
129,Петродворец,Санкт-Петербург
130,Пикалёво,Красноярск
131,Подпорожье,Красноярск
132,Приозерск,Красноярск
133,Сестрорецк,Санкт-Петербург
134,Тихвин,Красноярск
135,Тосно,Красноярск
136,Шлиссельбург,Красноярск
137,Адыгейск,Пятигорск
138,Майкоп,Пятигорск
139,Акутиха,Томск
140,Алейск,Семипалатинск
141,Алтайский,Ужгород
142,Барнаул,Барнаул
143,Белово,Томск
144,Белокуриха,Томск
145,Бийск,Томск
146,Благовещенск,Благовещенск
147,Бурсоль,Барабинск
148,Горно-Алтайск,Экимчан
149,Ельцовка,Томск
150,Заринск,Томск
151,Змеиногорск,Семипалатинск
152,Камень-на-Оби,Барабинск
153,Кош-Агач,Минусинск
154,Кытманово,Томск
155,Новичиха,Семипалатинск
156,Новоалтайск,Томск
157,Онгудай,Томск
158,Ребриха,Семипалатинск
159,Рубцовск,Рубцовск
160,Солонешное,Семипалатинск
161,Солтон,Томск
162,Табуны,Барабинск
163,Тальменка,Томск
164,Топчиха,Семипалатинск
165,Турочак,Томск
166,Тюменцево,Семипалатинск
167,Угловское,Семипалатинск
168,Усть-Калманка,Семипалатинск
169,Усть-Кокса,Семипалатинск
170,Усть-Улаган,Минусинск
171,Усть-Чарышская Пристань,Семипалатинск
172,Айгунь,Благовещенск
173,Архара,Архара
174,Возжаевка,Благовещенск
175,Ерофей Павлович,Могоча
176,Завитинск,Архара
177,Златоустовск,Чекунда
178,Коболдо,Экимчан
179,Магдагачи,Благовещенск
180,Новобурейский,Архара
181,Райчихинск,Архара
182,Ромны,abobe
183,Серышево,Благовещенск
184,Сковородино,Могоча
185,Тында,Могоча
186,Шимановск,Благовещенск
187,Экимчан,Экимчан
188,Амдерма,Няксимволь
189,Архангельск,Архангельск
190,Вельск,Вологда
191,Верхняя Тойма,Котлас
192,Вычегодский,Котлас
193,Ильинско-Подомское,Котлас
194,Каргополь,Вологда
195,Карпогоры,Котлас
196,Коноша,Вологда
197,Коряжма,Котлас
198,Котлас,Котлас
199,Лешуконское,Котлас
200,Нарьян-Мар,Нарьян-Мар
201,Новодвинск,Архангельск
202,Няндома,Вологда
203,Северодвинск,Архангельск
204,Сольвычегодск,Котлас
205,Холмогоры,Архангельск
206,Шенкурск,Архангельск
207,Яренск,Сыктывкар
208,Астрахань,Астрахань
209,Ахтубинск,Астрахань
210,Верхний Баскунчак,Астрахань
211,Енотаевка,Астрахань
212,Икряное,Астрахань
213,Камызяк,Астрахань
214,Капустин Яр,Актюбинск
215,Началово,Астрахань
216,Харабали,Астрахань
217,Черный Яр,Элиста
218,Баймак,Актюбинск
219,Белебей,Уфа
220,Белорецк,Уфа
221,Бижбуляк,Уфа
222,Бирск,Уфа
223,Большеустьикинское,Красноярск
224,Бураево,Уфа
225,Верхнеяркеево,Красноярск
226,Верхние Киги,Красноярск
227,Верхние Татышлы,Красноярск
228,Верхний Авзян,Уфа
229,Давлеканово,Уфа
230,Дюртюли,Уфа
231,Ермекеево,Уфа
232,Зилаир,Актюбинск
233,Зирган,Уфа
234,Иглино,Красноярск
235,Инзер,Уфа
236,Исянгулово,Оренбург
237,Ишимбай,Уфа
238,Кананикольское,Уфа
239,Кандры,Уфа
240,Караидель,Красноярск
241,Караидельский,Кустанай
242,Киргиз-Мияки,Иртышск
243,Красноусольский,Иртышск
244,Кумертау,Оренбург
245,Кушнаренково,Красноярск
246,Малояз,Красноуфимск
247,Мелеуз,Оренбург
248,Нефтекамск,Ижевск
249,Салават,Уфа
250,Сибай,Актюбинск
251,Старобалтачево,Красноярск
252,Старосубхангулово,Уфа
253,Стерлибашево,Уфа
254,Стерлитамак,Уфа
255,Туймазы,Уфа
256,Уфа,Уфа
257,Учалы,Красноуфимск
258,Чекмагуш,Уфа
259,Чишмы,Уфа
260,Янаул,Ижевск
261,Белгород,Харьков
262,Валуйки,Рубцовск
263,Вейделевка,Рубцовск
264,Волоконовка,Рубцовск
265,Грайворон,Харьков
266,Ивня,Курск
267,Короча,Рубцовск
268,Новый Оскол,Рубцовск
269,Ровеньки,Ростов-на-Дону
270,Старый Оскол,Рубцовск
271,Чернянка,Рубцовск
272,Шебекино,Харьков
273,Белая Березка,Бомнак
274,Белые Берега,Бомнак
275,Большое Полпино,Бомнак
276,Брянск,Бомнак
277,Бытошь,Бомнак
278,Выгоничи,Бомнак
279,Дятьково,Бомнак
280,Злынка,Василевичи
281,Ивот,Бомнак
282,Карачев,Курск
283,Клетня,Бомнак
284,Клинцы,Бомнак
285,Комаричи,Курск
286,Мглин,Бомнак
287,Новозыбков,Бомнак
288,Погар,Бомнак
289,Почеп,Бомнак
290,Ржаница,Бомнак
291,Рогнедино,Бомнак
292,Севск,Курск
293,Стародуб,Бомнак
294,Суземка,Бомнак
295,Сураж,Бомнак
296,Трубчевск,Бомнак
297,Унеча,Бомнак
298,Багдарин,Чита
299,Гусиное Озеро,Кяхта
300,Гусиноозерск,Кяхта
301,Заиграево,Улан-Уде
302,Закаменск,Иркутск
303,Иволгинск,Улан-Уде
304,Кабанск,Улан-Уде
305,Кижинга,Улан-Уде
306,Курумкан,Улан-Уде
307,Кырен,Иркутск
308,Кяхта,Кяхта
309,Монды,Иркутск
310,Мухоршибирь,Улан-Уде
311,Нижнеангарск,Киренск
312,Северобайкальск,Киренск
313,Селенгинск,Улан-Уде
314,Сосново-Озерское,Чита
315,Таксимо,Витим
316,Улан-Удэ,Улан-Уде
317,Хоринск,Улан-Уде
318,Бавлены,Кострома
319,Балакирево,Москва
320,Боголюбово,Кострома
321,Великодворский,Красноярск
322,Вязники,Елатьма
323,Гороховец,Елатьма
324,Гусевский,Красноярск
325,Камешково,Кострома
326,Карабаново,Москва
327,Киржач,Москва
328,Ковров,Елатьма
329,Кольчугино,Москва
330,Красная Горбатка,Елатьма
331,Меленки,Елатьма
332,Муром,Елатьма
333,Собинка,Кострома
334,Судогда,Елатьма
335,Суздаль,Кострома
336,Юрьев-Польский,Кострома
337,Волгоград,Элиста
338,Волжский,Элиста
339,Дубовка,Саратов
340,Жирновск,Саратов
341,Калач-на-Дону,Элиста
342,Камышин,Саратов
343,Клетский,Элиста
344,Котельниково,Элиста
345,Котово,Саратов
346,Кумылженская,Каменная Степь
347,Новоаннинский,Каменная Степь
348,Палласовка,Александров Гай
349,Светлый Яр,Элиста
350,Средняя Ахтуба,Лубны
351,Сталинград,Элиста
352,Старая Полтавка,Саратов
353,Суровикино,Элиста
354,Урюпинск,Каменная Степь
355,Фролово,Саратов
356,Чернышковский,Ростов-на-Дону
357,Бабаево,Вытегра
358,Белозерск,Вытегра
359,Великий Устюг,Котлас
360,Верховажье,Вологда
361,Вожега,Вологда
362,Вологда,Вологда
363,Вохтога,Кострома
364,Вытегра,Вытегра
365,Грязовец,Вологда
366,Кадников,Вологда
367,Кичменгский Городок,Котлас
368,Липин Бор,Вытегра
369,Нюксеница,Котлас
370,Сямжа,Вологда
371,Тарногский Городок,Котлас
372,Тотьма,Кострома
373,Устюжна,Вытегра
374,Харовск,Вологда
375,Чагода,Вытегра
376,Череповец,Вологда
377,Шексна,Вологда
378,Богучар,Каменная Степь
379,Борисоглебск,Каменная Степь
380,Бутурлиновка,Каменная Степь
381,Верхний Мамон,Каменная Степь
382,Верхняя Хава,Воронеж
383,Воронеж,Воронеж
384,Елань-Коленовский,Каменная Степь
385,Кантемировка,Каменная Степь
386,Лиски,Воронеж
387,Новая Усмань,Воронеж
388,Новохоперск,Каменная Степь
389,Острогожск,Воронеж
390,Поворино,Каменная Степь
391,Подгоренский,Каменная Степь
392,Рамонь,Воронеж
393,Россошь,Каменная Степь
394,Семилуки,Воронеж
395,Хохольский,Воронеж
396,нововоронеж,Воронеж
397,Агвали,Грозный
398,Акуша,Пятигорск
399,Ахты,Махачкала
400,Ачису,Махачкала
401,Бабаюрт,Махачкала
402,Бежта,Грозный
403,Ботлих,Грозный
404,Буйнакск,Махачкала
405,Вачи,Махачкала
406,Гергебиль,Махачкала
407,Гуниб,Махачкала
408,Дагестанские Огни,Махачкала
409,Дербент,Пятигорск
410,Дылым,Махачкала
411,Ершовка,Барабинск
412,Избербаш,Махачкала
413,Карабудахкент,Махачкала
414,Карата,Грозный
415,Каспийск,Махачкала
416,Касумкент,Махачкала
417,Кизилюрт,Махачкала
418,Кизляр,Пятигорск
419,Кумух,Махачкала
420,Курах,Махачкала
421,Магарамкент,Махачкала
422,Маджалис,Пятигорск
423,Махачкала,Махачкала
424,Мехельта,Пятигорск
425,Новолакское,Грозный
426,Рутул,Махачкала
427,Терекли-Мектеб,Пятигорск
428,Тпиг,Махачкала
429,Уркарах,Махачкала
430,Хасавюрт,Пятигорск
431,Хив,Пятигорск
432,Хунзах,Пятигорск
433,Цуриб,Махачкала
434,Южно-Сухокумск,Грозный
435,Биробиджан,Хабаровск
436,Верхний Ландех,Кострома
437,Вичуга,Кострома
438,Гаврилов Посад,Кострома
439,Дуляпино,Кустанай
440,Заволжск,Кострома
441,Иваново,Кострома
442,Иваньковский,Кострома
443,Ильинское-Хованское,Красноярск
444,Кинешма,Кострома
445,Кохма,Кострома
446,Палех,Кострома
447,Пестяки,Елатьма
448,Приволжск,Кострома
449,Пучеж,Кострома
450,Тейково,Кострома
451,Шуя,Кострома
452,Южа,Кострома
453,Юрьевец,Кострома
454,Алзамай,Нижнеудинск
455,Ангарск,Иркутск
456,Артемовский,Ивдель
457,Атагай,Нижнеудинск
458,Байкал,Улан-Уде
459,Байкальск,Иркутск
460,Балаганск,Иркутск
461,Бирюсинск,Нижнеудинск
462,Братск,Нижнеудинск
463,Видим,Жигалово
464,Витимский,Красноярск
465,Вихоревка,Нижнеудинск
466,Еланцы,Улан-Уде
467,Ербогачен,Ербогачен
468,Железногорск-Илимский,Жигалово
469,Жигалово,Жигалово
470,Залари,Иркутск
471,Иркутск,Иркутск
472,Квиток,Нижнеудинск
473,Киренск,Киренск
474,Куйтун,Нижнеудинск
475,Кутулик,Иркутск
476,Нижнеудинск,Нижнеудинск
477,Саянск,Иркутск
478,Тайшет,Нижнеудинск
479,Тулун,Нижнеудинск
480,Усолье-Сибирское,Иркутск
481,Усть-Илимск,Ванавара
482,Усть-Кут,Жигалово
483,Усть-Ордынский,Иркутск
484,Усть-Уда,Жигалово
485,Черемхово,Иркутск
486,Чунский,Нижнеудинск
487,Нальчик,Пятигорск
488,Нарткала,Пятигорск
489,Прохладный,Пятигорск
490,Терек,Махачкала
491,Тырныауз,Пятигорск
492,Багратионовск,Калининград
493,Балтийск,Калининград
494,Гвардейск,Калининград
495,Зеленоградск,Калининград
496,Кёнигсберг,Калининград
497,Мамоново,Калининград
498,Неман,Калининград
499,Полесск,Калининград
500,Правдинск,Калининград
501,Славск,Калининград
502,Черняховск,Калининград
503,Каспийский,Астрахань
504,Малые Дербеты,Элиста
505,Цаган-Аман,Астрахань
506,Элиста,Элиста
507,Юста,Астрахань
508,Яшалта,Элиста
509,Яшкуль,Элиста
510,Балабаново,Москва
511,Бетлица,Бомнак
512,Боровск,Москва
513,Дугна,Москва
514,Дудоровский,Курск
515,Думиничи,Бомнак
516,Износки,Бомнак
517,Калуга,Москва
518,Киров,Киров
519,Козельск,Курск
520,Кондрово,Москва
521,Людиново,Бомнак
522,Малоярославец,Москва
523,Медынь,Москва
524,Мещовск,Бомнак
525,Мосальск,Бомнак
526,Обнинск,Москва
527,Спас-Деменск,Бомнак
528,Сухиничи,Бомнак
529,Таруса,Москва
530,Юхнов,Бомнак
531,Атласово,Магадан
532,Аянка,Чокурдах
533,Большерецк,Магадан
534,Вилючинск,Магадан
535,Елизово,Магадан
536,Ильпырский,Магадан
537,Каменское,Каменское
538,Озерновский,Магадан
539,Палана,Магадан
540,Пахачи,Анадырь
541,Петропавловск-Камчатский,Магадан
542,Тиличики,Анадырь
543,Усть-Большерецк,Магадан
544,Усть-Камчатск,Магадан
545,Беломорск,Петрозаводск
546,Валаам,Сортавала
547,Вирандозеро,Котлас
548,Кестеньга,Чокурдах
549,Кондопога,Петрозаводск
550,Костомукша,Реболы
551,Лахденпохья,Сортавала
552,Медвежьегорск,Петрозаводск
553,Муезерский,Чокурдах
554,Олонец,Петрозаводск
555,Петрозаводск,Петрозаводск
556,Питкяранта,Сортавала
557,Повенец,Петрозаводск
558,Пудож,Вытегра
559,Сегежа,Петрозаводск
560,Сортавала,Сортавала
561,Софпорог,Усть-Цильма
562,Суоярви,Сортавала
563,Анжеро-Судженск,Томск
564,Ижморский,Томск
565,Итатский,Минусинск
566,Калтан,Томск
567,Кемерово,Томск
568,Киселевск,Томск
569,Крапивинский,Томск
570,Ленинск-Кузнецкий,Томск
571,Мариинск,Томск
572,Междуреченск,Минусинск
573,Мыски,Минусинск
574,Новокузнецк,Томск
575,Осинники,Томск
576,Прокопьевск,Томск
577,Промышленная,Воронеж
578,Таштагол,Минусинск
579,Тисуль,Красноярск
580,Топки,Томск
581,Тяжинский,Томск
582,Юрга,Томск
583,Яшкино,Томск
584,Арбаж,Киров
585,Белая Холуница,Киров
586,Верхошижемье,Киров
587,Вятские Поляны,Кустанай
588,Зуевка,Кустанай
589,Каринторф,Киров
590,Кикнур,Казань
591,Кирово-Чепецк,Киров
592,Кирс,Кустанай
593,Котельнич,Киров
594,Кумены,Киров
595,Малмыж,Казань
596,Мураши,Киров
597,Нагорск,Киров
598,Нововятск,Киров
599,Нолинск,Киров
600,Омутнинск,Ижевск
601,Опарино,Красноярск
602,Оричи,Киров
603,Пижанка,Киров
604,Подосиновец,Котлас
605,Санчурск,Казань
606,Слободской,Псков
607,Тужа,Киров
608,Уржум,Киров
609,Фаленки,Киров
610,Юрья,Киров
611,Яранск,Кустанай
612,Верхняя Инта,Чокурдах
613,Визинга,Сыктывкар
614,Воркута,Няксимволь
615,Вуктыл,Няксимволь
616,Емва,Сыктывкар
617,Заполярный,Мурманск
618,Инта,Хоседа-Хард
619,Ираель,Усть-Цильма
620,Каджером,Усть-Цильма
621,Койгородок,Сыктывкар
622,Корткерос,Сыктывкар
623,Кослан,Сыктывкар
624,Объячево,Киров
625,Печора,Печора
626,Сосногорск,Усть-Цильма
627,Сыктывкар,Сыктывкар
628,Троицко-Печерск,Няксимволь
629,Усинск,Архангельск
630,Усогорск,Сыктывкар
631,Усть-Кулом,Сыктывкар
632,Усть-Цильма,Усть-Цильма
633,Ухта,Усть-Цильма
634,Боговарово,Котлас
635,Волгореченск,Кострома
636,Горчуха,Кострома
637,Кадый,Кострома
638,Кологрив,Великие Луки
639,Кострома,Кострома
640,Красное-на-Волге,Кострома
641,Макарьев,Кострома
642,Мантурово,Котлас
643,Парфентьево,Москва
644,Поназырево,Котлас
645,Солигалич,Кострома
646,Судиславль,Кострома
647,Чухлома,Кострома
648,Шарья,Котлас
649,Шемятино,Красноярск
650,Абинск,Приморско-Ахтарск
651,Абрау-Дюрсо,Керчь
652,Анапа,Пятигорск
653,Апшеронск,Сочи
654,Архипо-Осиповка,Пятигорск
655,Афипский,Приморско-Ахтарск
656,Ахтырский,Приморско-Ахтарск
657,Ачуево,Приморско-Ахтарск
658,Белореченск,Сочи
659,Верхнебаканский,Керчь
660,Геленджик,Пятигорск
661,Гиагинская,Пятигорск
662,Горячий Ключ,Пятигорск
663,Джубга,Пятигорск
664,Динская,Приморско-Ахтарск
665,Ейск,Приморско-Ахтарск
666,Ильский,Приморско-Ахтарск
667,Кабардинка,Пятигорск
668,Каменномостский,Пятигорск
669,Каневская,Приморско-Ахтарск
670,Кореновск,Приморско-Ахтарск
671,Краснодар,Приморско-Ахтарск
672,Крымск,Приморско-Ахтарск
673,Курганинск,Сочи
674,Кущевская,Ростов-на-Дону
675,Лабинск,Сочи
676,Мостовской,Сочи
677,Новороссийск,Приморско-Ахтарск
678,Приморско-Ахтарск,Приморско-Ахтарск
679,Северская,Приморско-Ахтарск
680,Славянск-на-Кубани,Приморско-Ахтарск
681,Сочи,Сочи
682,Староминская,Ростов-на-Дону
683,Старощербиновская,Приморско-Ахтарск
684,Тбилисская,Сочи
685,Темрюк,Керчь
686,Тимашевск,Приморско-Ахтарск
687,Тихорецк,Ростов-на-Дону
688,Туапсе,Пятигорск
689,Усть-Лабинск,Сочи
690,Шовгеновский,Сочи
691,Абакан,Минусинск
692,Агинское,Чита
693,Артемовск,Дебальцево
694,Ачинск,Енисейск
695,Байкит,Байкит
696,Балахта,Минусинск
697,Бельтырский,Минусинск
698,Бея,Минусинск
699,Бискамжа,Иртышск
700,Боготол,Минусинск
701,Боград,Минусинск
702,Богучаны,Богучаны
703,Большая Мурта,Красноярск
704,Большой Улуй,Енисейск
705,Ванавара,Ванавара
706,Верхнеимбатск,Туруханск
707,Горячегорск,Минусинск
708,Дивногорск,Минусинск
709,Дудинка,Туруханск
710,Енисейск,Енисейск
711,Ермаковское,Бомнак
712,Заозерный,Енисейск
713,Игарка,Туруханск
714,Идринское,Минусинск
715,Иланский,Богучаны
716,Ирбейское,Богучаны
717,Канск,Богучаны
718,Каратузское,Минусинск
719,Кодинск,Богучаны
720,Козулька,Енисейск
721,Краснотуранск,Минусинск
722,Красноярск,Красноярск
723,Лесосибирск,Енисейск
724,Минусинск,Минусинск
725,Мотыгино,Красноярск
726,Нижний Ингаш,Красноярск
727,Норильск,Туруханск
728,Пировское,Енисейск
729,Саяногорск,Минусинск
730,Северо-Енисейский,Красноярск
731,Тасеево,Богучаны
732,Туруханск,Туруханск
733,Ужур,Минусинск
734,Усть-Авам,Туруханск
735,Уяр,Минусинск
736,Черногорск,Минусинск
737,Шалинское,Минусинск
738,Шарыпово,Минусинск
739,Шушенское,Минусинск
740,Варгаши,Петропавловск
741,Глядянское,Петропавловск
742,Далматово,Леуши
743,Каргаполье,Леуши
744,Катайск,Леуши
745,Куртамыш,Петропавловск
746,Макушино,Петропавловск
747,Сафакулево,Красноуфимск
748,Шадринск,Леуши
749,Большое Солдатское,Курск
750,Горшечное,Рубцовск
751,Дмитриев-Льговский,Курск
752,Касторное,Рубцовск
753,Конышевка,Курск
754,Коренево,Курск
755,Курск,Курск
756,Кшенский,Рубцовск
757,Льгов,Курск
758,Медвенка,Курск
759,Обоянь,Курск
760,Поныри,Курск
761,Пристень,Курск
762,Прямицыно,Курск
763,Рыльск,Курск
764,Суджа,Винница
765,Фатеж,Курск
766,Черемисиново,Курск
767,Щигры,Курск
768,Грязи,Воронеж
769,Елец,Воронеж
770,Задонск,Воронеж
771,Лебедянь,Тамбов
772,Липецк,Воронеж
773,Тербуны,Воронеж
774,Усмань,Воронеж
775,Анадырь,Анадырь
776,Атка,Магадан
777,Балыгычан,Магадан
778,Беринговский,Анадырь
779,Билибино,Анадырь
780,Кадыкчан,Оймякон
781,Магадан,Магадан
782,Ола,Магадан
783,Омсукчан,Магадан
784,Певек,Анадырь
785,Провидения,Архангельск
786,Сусуман,Магадан
787,Усть-Белая,Анадырь
788,Усть-Омчуг,Магадан
789,Эвенск,Магадан
790,Эгвекинот,Анадырь
791,Волжск,Казань
792,Звенигово,Казань
793,Йошкар-Ола,Казань
794,Килемары,Казань
795,Козьмодемьянск,Казань
796,Куженер,Казань
797,Мари-Турек,Казань
798,Морки,Казань
799,Оршанка,Казань
800,Параньга,Казань
801,Сернур,Казань
802,Атюрьево,Елатьма
803,Атяшево,Саратов
804,Большие Березники,Саратов
805,Большое Игнатово,Саратов
806,Зубова Поляна,Елатьма
807,Кадошкино,Иртышск
808,Кемля,Саратов
809,Ковылкино,Елатьма
810,Лямбирь,Саратов
811,Рузаевка,Саратов
812,Саранск,Саратов
813,Старое Шайгово,Елатьма
814,Темников,Елатьма
815,Теньгушево,Елатьма
816,Апатиты,Кандалакша
817,Африканда,Кандалакша
818,Верхнетуломский,Мурманск
819,Заозерск,Мурманск
820,Зареченск,Кандалакша
821,Зашеек,Кандалакша
822,Зеленоборский,Кандалакша
823,Кандалакша,Кандалакша
824,Кильдинстрой,Мурманск
825,Ковдор,Хоседа-Хард
826,Мончегорск,Кандалакша
827,Мурманск,Мурманск
828,Мурмаши,Мурманск
829,Оленегорск,Мурманск
830,Полярные Зори,Кандалакша
831,Полярный,Мурманск
832,Североморск,Мурманск
833,Арзамас,Елатьма
834,Арья,Казань
835,Балахна,Елатьма
836,Богородск,Елатьма
837,Большое Болдино,Саратов
838,Большое Козино,Елатьма
839,Большое Мурашкино,Елатьма
840,Большое Пикино,Елатьма
841,Варнавино,Елатьма
842,Васильсурск,Казань
843,Вахтан,Киров
844,Виля,Елатьма
845,Володарск,Елатьма
846,Воротынец,Казань
847,Ворсма,Елатьма
848,Выкса,Елатьма
849,Горбатов,Елатьма
850,Горбатовка,Елатьма
851,Городец,Елатьма
852,Дальнее Константиново,Елатьма
853,Дивеево,Елатьма
854,Досчатое,Елатьма
855,Катунки,Елатьма
856,Керженец,Елатьма
857,Княгинино,Елатьма
858,Ковернино,Кострома
859,Красные Баки,Елатьма
860,Кстово,Елатьма
861,Кулебаки,Елатьма
862,Лукоянов,Елатьма
863,Лысково,Елатьма
864,Навашино,Елатьма
865,Нижний Новгород,Елатьма
866,Павлово,Елатьма
867,Пильна,Казань
868,Саров,Елатьма
869,Сергач,Казань
870,Сеченово,Казань
871,Тонкино,Казань
872,Тоншаево,Киров
873,Урень,Казань
874,Шаранга,Казань
875,Шатки,Елатьма
876,Шахунья,Казань
877,Батецкий,Санкт-Петербург
878,Боровичи,Веребье
879,Валдай,Веребье
880,Любытино,Веребье
881,Малая Вишера,Веребье
882,Новгород,Веребье
883,Окуловка,Веребье
884,Парфино,Веребье
885,Пестово,Вытегра
886,Поддорье,Великие Луки
887,Сольцы,Великие Луки
888,Старая Русса,Веребье
889,Чудово,Веребье
890,Шимск,Санкт-Петербург
891,Барабинск,Барабинск
892,Бердск,Томск
893,Биаза,Барабинск
894,Болотное,Томск
895,Венгерово,Барабинск
896,Довольное,Барабинск
897,Искитим,Томск
898,Краснозерское,Барабинск
899,Кыштовка,Барабинск
900,Маслянино,Томск
901,Новосибирск,Томск
902,Ордынское,Барабинск
903,Сузун,Томск
904,Татарск,Барабинск
905,Тогучин,Томск
906,Усть-Тарка,Омск
907,Черепаново,Томск
908,Чистоозерное,Барабинск
909,Большие Уки,Красноярск
910,Исилькуль,Петропавловск
911,Калачинск,Омск
912,Кормиловка,Красноярск
913,Крутинка,Омск
914,Любинский,Омск
915,Называевск,Омск
916,Нововаршавка,Омск
917,Одесское,Иртышск
918,Оконешниково,Омск
919,Омск,Омск
920,Павлоградка,Омск
921,Саргатское,Омск
922,Тевриз,Омск
923,Тюкалинск,Омск
924,Усть-Ишим,Тобольск
925,Шербакуль,Омск
926,Абдулино,Оренбург
927,Айдырлинский,Актюбинск
928,Акбулак,Оренбург
929,Аккермановка,Актюбинск
930,Асекеево,Барнаул
931,Беляевка,Одесса
932,Бугуруслан,Барнаул
933,Бузулук,Уральск
934,Домбаровский,Актюбинск
935,Ириклинский,Актюбинск
936,Кувандык,Актюбинск
937,Курманаевка,Экимчан
938,Медногорск,Лубны
939,Новоорск,Актюбинск
940,Новотроицк,Актюбинск
941,Оренбург,Оренбург
942,Орск,Актюбинск
943,Переволоцкий,Оренбург
944,Саракташ,Оренбург
945,Соль-Илецк,Оренбург
946,Сорочинск,Оренбург
947,Тоцкое,Уральск
948,Тюльган,Оренбург
949,Ясный,Актюбинск
950,Болхов,Курск
951,Глазуновка,Курск
952,Дмитровск-Орловский,Экимчан
953,Долгое,Санкт-Петербург
954,Залегощь,Курск
955,Колпны,Курск
956,Кромы,Курск
957,Ливны,Василевичи
958,Мценск,Курск
959,Нарышкино,Курск
960,Новосиль,Курск
961,Сосково,Курск
962,Хотынец,Василевичи
963,Башмаково,Тамбов
964,Беднодемьяновск,Елатьма
965,Вадинск,Елатьма
966,Верхозим,Саратов
967,Земетчино,Тамбов
968,Каменка,Магадан
969,Колышлей,Саратов
970,Кондоль,Саратов
971,Кузнецк,Саратов
972,Малая Сердоба,Экимчан
973,Мокшан,Саратов
974,Наровчат,Елатьма
975,Неверкино,Экимчан
976,Нижний Ломов,Тамбов
977,Пачелма,Тамбов
978,Пенза,Саратов
979,Русский Камешкир,Экимчан
980,Сердобск,Саратов
981,Шемышейка,Саратов
982,Березники,Пермь
983,Большая Соснова,Красноярск
984,Верещагино,Пермь
985,Горнозаводск,Красноуфимск
986,Гремячинск,Пермь
987,Губаха,Пермь
988,Добрянка,Пермь
989,Зюкайка,Пермь
990,Керчевский,Пермь
991,Кизел,Пермь
992,Красновишерск,Пермь
993,Краснокамск,Пермь
994,Кудымкар,Пермь
995,Кунгур,Пермь
996,Лысьва,Красноярск
997,Ныроб,Пермь
998,Нытва,Пермь
999,Оханск,Пермь
1000,Очер,Пермь
1001,Пермь,Пермь
1002,Соликамск,Пермь
1003,Суксун,Красноуфимск
1004,Уинское,Пермь
1005,Усолье,Пермь
1006,Чердынь,Пермь
1007,Чусовой,Пермь
1008,Юрла,Пермь
1009,Большой Камень,Владивосток
1010,Владивосток,Владивосток
1011,Высокогорск,Ужгород
1012,Горные Ключи,Дальнереченск
1013,Дальнегорск,Терней
1014,Дальнереченск,Дальнереченск
1015,Кавалерово,Терней
1016,Камень-Рыболов,Пятигорск
1017,Лесозаводск,Дальнереченск
1018,Лучегорск,Дальнереченск
1019,Находка,Владивосток
1020,Партизанск,Владивосток
1021,Спасск-Дальний,Дальнереченск
1022,Терней,Терней
1023,Уссурийск,Владивосток
1024,Хороль,Владивосток
1025,Бежаницы,Великие Луки
1026,Великие Луки,Великие Луки
1027,Гдов,Псков
1028,Дедовичи,Великие Луки
1029,Заплюсье,Псков
1030,Идрица,Псков
1031,Красногородское,Псков
1032,Невель,Великие Луки
1033,Новоржев,Псков
1034,Новосокольники,Великие Луки
1035,Опочка,Псков
1036,Печоры,Псков
1037,Порхов,Псков
1038,Псков,Псков
1039,Пустошка,Великие Луки
1040,Пушкинские Горы,Псков
1041,Пыталово,Псков
1042,Себеж,Псков
1043,Усвяты,Великие Луки
1044,Азов,Ростов-на-Дону
1045,Алмазный,Сунтар
1046,Багаевский,Ростов-на-Дону
1047,Батайск,Ростов-на-Дону
1048,Белая Калитва,Ростов-на-Дону
1049,Боковская,Каменная Степь
1050,Большая Мартыновка,Лубны
1051,Вешенская,Каменная Степь
1052,Волгодонск,Элиста
1053,Гуково,Ростов-на-Дону
1054,Донецк,Дебальцево
1055,Егорлыкская,Ростов-на-Дону
1056,Зверево,Ростов-на-Дону
1057,Зерноград,Астрахань
1058,Кагальницкая,Ростов-на-Дону
1059,Каменск-Шахтинский,Ростов-на-Дону
1060,Коксовый,Лубны
1061,Константиновск,Ростов-на-Дону
1062,Красный Сулин,Ростов-на-Дону
1063,Матвеев Курган,Дебальцево
1064,Мигулинская,Каменная Степь
1065,Миллерово,Ростов-на-Дону
1066,Милютинская,Ростов-на-Дону
1067,Морозовск,Ростов-на-Дону
1068,Новочеркасск,Ростов-на-Дону
1069,Новошахтинск,Ростов-на-Дону
1070,Обливская,Элиста
1071,Песчанокопское,Ростов-на-Дону
1072,Ремонтное,Элиста
1073,Родионово-Несветайская,Ростов-на-Дону
1074,Ростов-на-Дону,Ростов-на-Дону
1075,Сальск,Ростов-на-Дону
1076,Семикаракорск,Ростов-на-Дону
1077,Таганрог,Ростов-на-Дону
1078,Тарасовский,Ростов-на-Дону
1079,Тацинский,Ростов-на-Дону
1080,Усть-Донецкий,Ростов-на-Дону
1081,Цимлянск,Ростов-на-Дону
1082,Чалтырь,Ростов-на-Дону
1083,Шахты,Элиста
1084,Шолоховский,Ростов-на-Дону
1085,Гусь Железный,Елатьма
1086,Елатьма,Елатьма
1087,Ермишь,Елатьма
1088,Кадом,Елатьма
1089,Касимов,Елатьма
1090,Кораблино,Тамбов
1091,Пителино,Елатьма
1092,Пронск,Тамбов
1093,Рыбное,Москва
1094,Ряжск,Тамбов
1095,Рязань,Елатьма
1096,Сасово,Елатьма
1097,Скопин,Воронеж
1098,Спас-Клепики,Елатьма
1099,Спасск-Рязанский,Елатьма
1100,Старожилово,Елатьма
1101,Ухолово,Тамбов
1102,Чучково,Елатьма
1103,Безенчук,Экимчан
1104,Большая Черниговка,Уральск
1105,Жигулевск,Барнаул
1106,Зольное,Барнаул
1107,Исаклы,Барнаул
1108,Кинель,Барнаул
1109,Новокуйбышевск,Барнаул
1110,Отрадный,Барнаул
1111,Пестравка,Барнаул
1112,Похвистнево,Барнаул
1113,Самара,Барнаул
1114,Сызрань,Барнаул
1115,Тольятти,Барнаул
1116,Чапаевск,Барнаул
1117,Челно-Вершины,Барнаул
1118,Шентала,Барнаул
1119,Шигоны,Барнаул
1120,Александров Гай,Александров Гай
1121,Аркадак,Тамбов
1122,Аткарск,Саратов
1123,Базарный Карабулак,Саратов
1124,Балаково,Саратов
1125,Балтай,Экимчан
1126,Вольск,Саратов
1127,Духовницкое,Барнаул
1128,Калининск,Саратов
1129,Красный Кут,Саратов
1130,Мокроус,Калининград
1131,Новоузенск,Александров Гай
1132,Новые Бурасы,Саратов
1133,Озинки,Александров Гай
1134,Питерка,Александров Гай
1135,Ртищево,Саратов
1136,Саратов,Саратов
1137,Татищево,Саратов
1138,Хвалынск,Саратов
1139,Абый,Архангельск
1140,Амга,Усть-Мая
1141,Батагай,Верхоянск
1142,Бердигестях,Якутск
1143,Беркакит,Могоча
1144,Борогонцы,Якутск
1145,Верхневилюйск,Красноярск
1146,Верхнеколымск,Магадан
1147,Верхоянск,Верхоянск
1148,Вилюйск,Вилюйск
1149,Витим,Витим
1150,Жиганск,Жиганск
1151,Кангалассы,Якутск
1152,Канкунский,Якутск
1153,Ленск,Витим
1154,Нерюнгри,Великие Луки
1155,Нычалах,Оймякон
1156,Нюрба,Сунтар
1157,Олекминск,Олекминск
1158,Сангар,Якутск
1159,Саскылах,Печора
1160,Среднеколымск,Чокурдах
1161,Сунтар,Сунтар
1162,Тикси,Чокурдах
1163,Усть-Мая,Усть-Мая
1164,Усть-Нера,Оймякон
1165,Хонуу,Оймякон
1166,Чокурдах,Чокурдах
1167,Чурапча,Усть-Мая
1168,Якутск,Якутск
1169,Александровск-Сахалинский,Александровск-Сахалинский
1170,Долинск,Поронайск
1171,Катангли,Александровск-Сахалинский
1172,Курильск,Пятигорск
1173,Невельск,Поронайск
1174,Ноглики,Александровск-Сахалинский
1175,Оха,Николаевск-на-Амуре
1176,Поронайск,Поронайск
1177,Северо-Курильск,Магадан
1178,Смирных,Лубны
1179,Тымовское,Александровск-Сахалинский
1180,Холмск,Поронайск
1181,Южно-Курильск,Южно-Курильск
1182,Южно-Сахалинск,Поронайск
1183,Алапаевск,Ивдель
1184,Арамиль,Красноуфимск
1185,Арти,Красноуфимск
1186,Ачит,Красноуфимск
1187,Басьяновский,Ивдель
1188,Буланаш,Ивдель
1189,Верхний Тагил,Красноуфимск
1190,Верхняя Пышма,Красноуфимск
1191,Верхняя Салда,Ивдель
1192,Верхняя Синячиха,Ивдель
1193,Верхняя Сысерть,Красноуфимск
1194,Верхняя Тура,Псков
1195,Верхотурье,Ивдель
1196,Дегтярск,Красноуфимск
1197,Екатеринбург,Красноуфимск
1198,Ертарский,Леуши
1199,Заводоуспенское,Леуши
1200,Зыряновский,Ивдель
1201,Зюзельский,Красноуфимск
1202,Ивдель,Ивдель
1203,Ирбит,Леуши
1204,Каменск-Уральский,Красноуфимск
1205,Камышлов,Леуши
1206,Карпинск,Ивдель
1207,Карпунинский,Ивдель
1208,Качканар,Ивдель
1209,Кировград,Красноуфимск
1210,Краснотурьинск,Ивдель
1211,Красноуральск,Ивдель
1212,Красноуфимск,Красноуфимск
1213,Кушва,Ивдель
1214,Невьянск,Красноуфимск
1215,Нижние Серги,Красноуфимск
1216,Нижний Тагил,Красноуфимск
1217,Нижняя Салда,Ивдель
1218,Нижняя Тура,Ивдель
1219,Новая Ляля,Ивдель
1220,Новоуральск,Красноуфимск
1221,Оус,Ивдель
1222,Первоуральск,Красноуфимск
1223,Полевской,Красноуфимск
1224,Пышма,Тобольск
1225,Реж,Ивдель
1226,Свердловск,Красноуфимск
1227,Североуральск,Ивдель
1228,Среднеуральск,Красноуфимск
1229,Талица,Леуши
1230,Тугулым,Леуши
1231,Туринск,Леуши
1232,Туринская Слобода,Леуши
1233,Алагир,Тбилиси
1234,Беслан,Пятигорск
1235,Бурон,Тбилиси
1236,Владикавказ,Пятигорск
1237,Дигора,Грозный
1238,Моздок,Пятигорск
1239,Чикола,Пятигорск
1240,Велиж,Великие Луки
1241,Верхнеднепровский,Бомнак
1242,Ворга,Иртышск
1243,Вязьма,Бомнак
1244,Гагарин,abobe
1245,Голынки,Смоленск
1246,Десногорск,Кустанай
1247,Дорогобуж,Бомнак
1248,Духовщина,Смоленск
1249,Екимовичи,Иртышск
1250,Ельня,Бомнак
1251,Ершичи,Бомнак
1252,Издешково,Бомнак
1253,Новодугино,Бомнак
1254,Рославль,Бомнак
1255,Смоленск,Смоленск
1256,Сычевка,Бомнак
1257,Угра,Москва
1258,Хиславичи,Смоленск
1259,Холм-Жирковский,Бомнак
1260,Шумячи,Бомнак
1261,Ярцево,Смоленск
1262,Арзгир,Элиста
1263,Благодарный,Пятигорск
1264,Буденновск,Пятигорск
1265,Георгиевск,Самтредиа
1266,Ессентуки,Самтредиа
1267,Железноводск,Самтредиа
1268,Зеленокумск,Пятигорск
1269,Изобильный,Сочи
1270,Иноземцево,Самтредиа
1271,Ипатово,Элиста
1272,Карачаевск,Пятигорск
1273,Кисловодск,Самтредиа
1274,Кочубеевское,Пятигорск
1275,Курсавка,Самтредиа
1276,Левокумское,Элиста
1277,Минеральные Воды,Самтредиа
1278,Невинномысск,Сочи
1279,Нефтекумск,Грозный
1280,Новоалександровск,Ростов-на-Дону
1281,Новоалександровская,Ростов-на-Дону
1282,Новопавловск,Грозный
1283,Новоселицкое,Элиста
1284,Пятигорск,Пятигорск
1285,Светлоград,Элиста
1286,Солнечнодольск,Сочи
1287,Ставрополь,Элиста
1288,Теберда,Пятигорск
1289,Усть-Джегута,Самтредиа
1290,Хабез,Пятигорск
1291,Черкесск,Пятигорск
1292,Гавриловка Вторая,Геническ
1293,Жердевка,Тамбов
1294,Инжавино,Минск
1295,Кирсанов,Тамбов
1296,Котовск,Тамбов
1297,Мичуринск,Тамбов
1298,Моршанск,Тамбов
1299,Мучкапский,Тамбов
1300,Рассказово,Тамбов
1301,Ржакса,Тамбов
1302,Староюрьево,Тамбов
1303,Тамбов,Тамбов
1304,Уварово,Тамбов
1305,Агрыз,Ижевск
1306,Азнакаево,Ижевск
1307,Аксубаево,Барнаул
1308,Альметьевск,Ижевск
1309,Апастово,Казань
1310,Арск,Казань
1311,Бавлы,Ижевск
1312,Базарные Матаки,Казань
1313,Балтаси,Казань
1314,Богатые Сабы,Казань
1315,Бугульма,Ижевск
1316,Верхний Услон,Казань
1317,Дербешкинский,Ижевск
1318,Елабуга,Ижевск
1319,Заинск,Ижевск
1320,Зеленодольск,Казань
1321,Казань,Казань
1322,Камское Устье,Казань
1323,Карабаш,Красноуфимск
1324,Кукмор,Казань
1325,Лаишево,Казань
1326,Лениногорск,Уфа
1327,Мамадыш,Ижевск
1328,Менделеевск,Ижевск
1329,Мензелинск,Ижевск
1330,Набережные Челны,Ижевск
1331,Нижнекамск,Ижевск
1332,Новошешминск,Барнаул
1333,Нурлат,Барнаул
1334,Пестрецы,Казань
1335,Рыбная Слобода,Казань
1336,Сарманово,Ижевск
1337,Старое Дрожжаное,Казань
1338,Тетюши,Казань
1339,Чистополь,Казань
1340,Андреаполь,Великие Луки
1341,Бежецк,Москва
1342,Белый Городок,Москва
1343,Бологое,Веребье
1344,Васильевский Мох,Москва
1345,Вышний Волочек,Веребье
1346,Жарковский,Смоленск
1347,Западная Двина,Рига
1348,Зубцов,Бомнак
1349,Изоплит,Москва
1350,Калязин,Москва
1351,Кашин,Москва
1352,Кесова Гора,Москва
1353,Кимры,Москва
1354,Конаково,Москва
1355,Красный Холм,Красноярск
1356,Кувшиново,Веребье
1357,Лихославль,Москва
1358,Максатиха,Москва
1359,Нелидово,Смоленск
1360,Осташков,Веребье
1361,Пено,Веребье
1362,Рамешки,Москва
1363,Ржев,Бомнак
1364,Сандово,Вытегра
1365,Селижарово,Веребье
1366,Сонково,Москва
1367,Тверь,Псков
1368,Торжок,Веребье
1369,Торопец,Великие Луки
1370,Удомля,Веребье
1371,Фирово,Веребье
1372,Асино,Томск
1373,Каргасок,Колпашево
1374,Катайга,Томск
1375,Колпашево,Колпашево
1376,Северск,Томск
1377,Стрежевой,Сургут
1378,Томск,Томск
1379,Тымск,Колпашево
1380,Ак-Довурак,Минусинск
1381,Кызыл,Минусинск
1382,Самагалтай,Киев
1383,Сарыг-Сеп,Минусинск
1384,Тоора-Хем,Нижнеудинск
1385,Тээли,Лубны
1386,Хову-Аксы,Лубны
1387,Чадан,Минусинск
1388,Шагонар,Минусинск
1389,Алексин,Москва
1390,Бегичевский,Москва
1391,Белев,Курск
1392,Богородицк,Москва
1393,Болохово,Москва
1394,Велегож,Москва
1395,Венев,Москва
1396,Епифань,Москва
1397,Заокский,Москва
1398,Кимовск,Москва
1399,Киреевск,Москва
1400,Одоев,Москва
1401,Плавск,Москва
1402,Тула,Москва
1403,Узловая,Саратов
1404,Щекино,Москва
1405,Абатский,Петропавловск
1406,Аксарка,Ханты-Мансийск
1407,Армизонское,Красноярск
1408,Аромашево,Красноярск
1409,Большое Сорокино,Петропавловск
1410,Вагай,Тобольск
1411,Винзили,Леуши
1412,Голышманово,Петропавловск
1413,Губкинский,Сургут
1414,Заводопетровский,Тобольск
1415,Заводоуковск,Тобольск
1416,Излучинск,Сургут
1417,Ишим,Петропавловск
1418,Казым-Мыс,Чокурдах
1419,Когалым,Сургут
1420,Красноселькуп,Туруханск
1421,Лабытнанги,Ханты-Мансийск
1422,Ларьяк,Колпашево
1423,Мегион,Сургут
1424,Муравленко,Сургут
1425,Надым,Сургут
1426,Нефтеюганск,Сургут
1427,Нижневартовск,Сургут
1428,Нижняя Тавда,Красноярск
1429,Новый Уренгой,Сургут
1430,Ноябрьск,Сургут
1431,Нягань,Леуши
1432,Омутинский,Тобольск
1433,Салехард,Ханты-Мансийск
1434,Сургут,Сургут
1435,Тазовский,Остров Диксон
1436,Тарко-Сале,Сургут
1437,Тобольск,Тобольск
1438,Тюмень,Леуши
1439,Унъюган,Леуши
1440,Упорово,Тобольск
1441,Урай,Леуши
1442,Ханты-Мансийск,Ханты-Мансийск
1443,Ялуторовск,Тобольск
1444,Яр-Сале,Ханты-Мансийск
1445,Алнаши,Ижевск
1446,Балезино,Ижевск
1447,Вавож,Ижевск
1448,Воткинск,Ижевск
1449,Глазов,Ижевск
1450,Грахово,Ижевск
1451,Дебесы,Ижевск
1452,Ижевск,Ижевск
1453,Кама,Казань
1454,Камбарка,Ижевск
1455,Каракулино,Ижевск
1456,Кез,Ижевск
1457,Кизнер,Ижевск
1458,Можга,Ижевск
1459,Сарапул,Ижевск
1460,Селты,Ижевск
1461,Сюмси,Ижевск
1462,Шаркан,Ижевск
1463,Юкаменское,Ижевск
1464,Якшур-Бодья,Ижевск
1465,Базарный Сызган,Саратов
1466,Большое Нагаткино,Казань
1467,Вешкайма,Казань
1468,Игнатовка,Казань
1469,Инза,Саратов
1470,Ишеевка,Казань
1471,Канадей,Саратов
1472,Карсун,Казань
1473,Кузоватово,Саратов
1474,Новая Малыкла,Калининград
1475,Сенгилей,Казань
1476,Старая Кулатка,Саратов
1477,Старая Майна,Казань
1478,Сурское,Казань
1479,Тереньга,Казань
1480,Ульяновск,Казань
1481,Дарьинское,Киев
1482,Джамбейты,Уральск
1483,Казталовка,Александров Гай
1484,Переметное,Уральск
1485,Сайхин,Александров Гай
1486,Уральск,Уральск
1487,Амурск,Хабаровск
1488,Биракан,Екатерино-Никольское
1489,Болонь,Хабаровск
1490,Ванино,Мыс Золотой
1491,Волочаевка Вторая,Хабаровск
1492,Гурское,Мыс Золотой
1493,Комсомольск-на-Амуре,Хабаровск
1494,Николаевск-на-Амуре,Николаевск-на-Амуре
1495,Облучье,Архара
1496,Охотск,Охотск
1497,Переяславка,Хабаровск
1498,Советская Гавань,Лубны
1499,Хабаровск,Хабаровск
1500,Чегдомын,Чекунда
1501,Чумикан,Чекунда
1502,Аган,Сургут
1503,Игрим,Няксимволь
1504,Лангепас,Сургут
1505,Лянтор,Сургут
1506,Покачи,Сургут
1507,Приобье,Томск
1508,Пыть-Ях,Сургут
1509,Югорск,Няксимволь
1510,Агаповка,Уфа
1511,Аргаяш,Красноуфимск
1512,Аша,Уфа
1513,Бакал,Красноуфимск
1514,Бреды,Актюбинск
1515,Варна,Измаил
1516,Верхнеуральск,Красноуфимск
1517,Верхний Уфалей,Красноуфимск
1518,Еманжелинск,Красноуфимск
1519,Златоуст,Красноуфимск
1520,Карталы,Актюбинск
1521,Касли,Красноуфимск
1522,Катав-Ивановск,Красноуфимск
1523,Копейск,Красноуфимск
1524,Коркино,Красноуфимск
1525,Куса,Красноуфимск
1526,Кыштым,Красноуфимск
1527,Магнитогорск,Уфа
1528,Миасс,Красноуфимск
1529,Сатка,Красноуфимск
1530,Снежинск,Красноуфимск
1531,Трехгорный,Красноуфимск
1532,Увельский,Красноуфимск
1533,Усть-Катав,Красноуфимск
1534,Чебаркуль,Красноуфимск
1535,Челябинск,Красноуфимск
1536,Южно-Уральск,Красноуфимск
1537,Грозный,Грозный
1538,Малгобек,Пятигорск
1539,Назрань,Грозный
1540,Наурская,Грозный
1541,Ножай-Юрт,Грозный
1542,Орджоникидзевская,Пятигорск
1543,Урус-Мартан,Пятигорск
1544,Шали,Пятигорск
1545,Аксеново-Зиловское,Сретенск
1546,Александровский Завод,Сретенск
1547,Амазар,Могоча
1548,Балей,Борзя
1549,Борзя,Борзя
1550,Букачача,Сретенск
1551,Газимурский Завод,Сретенск
1552,Давенда,Иртышск
1553,Дарасун,Чита
1554,Дровяная,Чита
1555,Дульдурга,Лубны
1556,Забайкальск,Борзя
1557,Итака,abobe
1558,Краснокаменск,Борзя
1559,Красный Чикой,Улан-Уде
1560,Могоча,Могоча
1561,Нерчинск,Сретенск
1562,Нерчинский Завод,Сретенск
1563,Оловянная,Борзя
1564,Петровск-Забайкальский,Улан-Уде
1565,Приаргунск,Сретенск
1566,Сретенск,Сретенск
1567,Улеты,Чита
1568,Чернышевск,Сретенск
1569,Чита,Чита
1570,Шилка,Могоча
1571,Алатырь,Казань
1572,Вурнары,Казань
1573,Ибреси,Казань
1574,Канаш,Казань
1575,Киря,Казань
1576,Красные Четаи,Казань
1577,Кугеси,Казань
1578,Мариинский Посад,Казань
1579,Моргауши,Казань
1580,Новочебоксарск,Казань
1581,Урмары,Казань
1582,Цивильск,Казань
1583,Чебоксары,Казань
1584,Шемурша,Казань
1585,Шумерля,Казань
1586,Ядрин,Казань
1587,Яльчики,Казань
1588,Пуровск,Чокурдах
1589,Большое Село,Вологда
1590,Брейтово,Вологда
1591,Волга,Астрахань
1592,Гаврилов Ям,Кострома
1593,Любим,Кострома
1594,Некрасовское,Кострома
1595,Новый Некоуз,Красноярск
1596,Переславль-Залесский,Калининград
1597,Пошехонье-Володарск,Вологда
1598,Ростов,Кострома
1599,Рыбинск,Вологда
1600,Тутаев,Вологда
1601,Углич,Москва
1602,Ярославль,Кострома
1603,Алабино,Москва
1604,Архангельское,Москва
1605,Бакшеево,Москва
1606,Бородино,Москва
1607,Быково,Москва
1608,Валуево,Москва
1609,Внуково,Москва
1610,Вороново,Москва
1611,Восточный,Москва
1612,Востряково,Москва
1613,Голицино,Москва
1614,Джержинский,Москва
1615,Домодедово,Москва
1616,Дорохово,Москва
1617,Дубки,Москва
1618,Железнодорожный,Москва
1619,Жуковский,Москва
1620,Запрудная,Москва
1621,Ильинский,Москва
1622,Истра,Москва
1623,Клин,Москва
1624,Кожино,Москва
1625,Кокошкино,Москва
1626,Королев,Москва
1627,Косино,Москва
1628,Красноармейск,Москва
1629,Краснознаменск,Москва
1630,Крюково,Москва
1631,Купавна,Москва
1632,Лопатинский,Москва
1633,Лукино,Москва
1634,Львовский,Москва
1635,Михайловское,Москва
1636,Михнево,Москва
1637,Муханово,Москва
1638,Некрасовка,Москва
1639,Немчиновка,Москва
1640,Новоподрезково,Москва
1641,Обухово,Москва
1642,Ожерелье,Москва
1643,Октябрьский,Москва
1644,Опалиха,Москва
1645,Первомайский,Москва
1646,Пески,Москва
1647,Полушкино,Москва
1648,Привокзальный,Москва
1649,Пролетарский,Москва
1650,Решетниково,Москва
1651,Родники,Москва
1652,Рошаль,Москва
1653,Салтыковка,Москва
1654,Северный,Москва
1655,Солнцево,Москва
1656,Текстильщик,Москва
1657,Тишково,Москва
1658,Троицк,Москва
1659,Уваровка,Москва
1660,Удельная,Москва
1661,Успенское,Москва
1662,Фирсановка,Москва
1663,Хорлово,Москва
1664,Черкизово,Москва
1665,Чехов,Москва
1666,Шарапово,Москва
1667,Шатура,Москва
1668,Шаховская,Москва
1669,Шереметьевский,Москва
1670,Александровская,Санкт-Петербург
1671,Вознесенье,Санкт-Петербург
1672,Дружная Горка,Санкт-Петербург
1673,Дубровка,Санкт-Петербург
1674,Зеленогорск,Санкт-Петербург
1675,Кировск,Санкт-Петербург
1676,Коммунар,Санкт-Петербург
1677,Ломоносов,Санкт-Петербург
1678,Павловск,Санкт-Петербург
1679,Пушкин,Санкт-Петербург
1680,Сланцы,Санкт-Петербург
1681,Сосновый Бор,Санкт-Петербург
1682,Акташ,Томск
1683,Баево,Томск
1684,Белоярск,Томск
1685,Боровлянка,Томск
1686,Бурла,Томск
1687,Волчиха,Томск
1688,Горняк,Томск
1689,Залесово,Томск
1690,Заток,Томск
1691,Ключи,Томск
1692,Красногорское,Томск
1693,Краснощеково,Томск
1694,Кулунда,Томск
1695,Мамонтово,Томск
1696,Петропавловское,Томск
1697,Поспелиха,Томск
1698,Родино,Томск
1699,Славгород,Томск
1700,Смоленское,Томск
1701,Староаллейское,Томск
1702,Троицкое,Томск
1703,Усть-Кан,Томск
1704,Хабары,Томск
1705,Целинное,Томск
1706,Чарышское,Томск
1707,Шебалино,Томск
1708,Шелаболиха,Томск
1709,Шипуново,Томск
1710,Белогорск,Благовещенск
1711,Благовещенск (Амурская обл.),Благовещенск
1712,Бурея,Благовещенск
1713,Екатеринославка,Благовещенск
1714,Зея,Благовещенск
1715,Ивановка,Благовещенск
1716,Поярково,Благовещенск
1717,Свободный,Благовещенск
1718,Стойба,Благовещенск
1719,Тамбовка,Благовещенск
1720,Ядрино,Благовещенск
1721,Березник,Няксимволь
1722,Волошка,Няксимволь
1723,Емца,Няксимволь
1724,Илеза,Няксимволь
1725,Кодино,Няксимволь
1726,Красноборск,Няксимволь
1727,Мезень,Няксимволь
1728,Мирный,Няксимволь
1729,Онега,Няксимволь
1730,Пинега,Няксимволь
1731,Плесецк,Няксимволь
1732,Володарский,Астрахань
1733,Красный Яр,Астрахань
1734,Лиман,Астрахань
1735,Аксаково,Актюбинск
1736,Амзя,Актюбинск
1737,Аскино,Актюбинск
1738,Бакалы,Актюбинск
1739,Дуван,Актюбинск
1740,Ермолаево,Актюбинск
1741,Месягутово,Актюбинск
1742,Мраково,Актюбинск
1743,Раевский,Актюбинск
1744,Федоровка,Актюбинск
1745,Шаран,Актюбинск
1746,Алексеевка,Харьков
1747,Борисовка,Харьков
1748,Губкин,Харьков
1749,Красногвардейское,Харьков
1750,Ракитное,Харьков
1751,Строитель,Харьков
1752,Алтухово,Бомнак
1753,Вышков,Бомнак
1754,Гордеевка,Бомнак
1755,Жирятино,Бомнак
1756,Жуковка,Бомнак
1757,Климово,Бомнак
1758,Кокаревка,Бомнак
1759,Красная Гора,Бомнак
1760,Локоть,Бомнак
1761,Навля,Бомнак
1762,Бабушкин,Чита
1763,Баргузин,Чита
1764,Баянгол,Чита
1765,Бичура,Чита
1766,Выдрино,Чита
1767,Илька,Чита
1768,Каменск,Чита
1769,Орлик,Чита
1770,Петропавловка,Чита
1771,Романовка,Чита
1772,Турунтаево,Чита
1773,Александров,Кострома
1774,Андреево,Кострома
1775,Анопино,Кострома
1776,Вербовский,Кострома
1777,Владимир,Кострома
1778,Городищи,Кострома
1779,Гусь Хрустальный,Кострома
1780,Золотково,Кострома
1781,Иванищи,Кострома
1782,Петушки,Кострома
1783,Покров,Кострома
1784,Алексеевская,Москва
1785,Алущевск,Москва
1786,Городище,Москва
1787,Елань,Москва
1788,Иловля,Москва
1789,Кириллов,Москва
1790,Ленинск,Москва
1791,Михайловка,Москва
1792,Нехаевский,Москва
1793,Николаевск,Москва
1794,Новониколаевский,Москва
1795,Ольховка,Москва
1796,Рудня,Москва
1797,Серафимович,Москва
1798,Кадуй,Вытегра
1799,Никольск,Вытегра
1800,Сокол,Вытегра
1801,Шуйское,Вытегра
1802,Анна,Каменная Степь
1803,Бобров,Каменная Степь
1804,Воробьевка,Каменная Степь
1805,Грибановский,Каменная Степь
1806,Давыдовка,Каменная Степь
1807,Калач,Каменная Степь
1808,Нижнедевицк,Каменная Степь
1809,Ольховатка,Каменная Степь
1810,Панино,Каменная Степь
1811,Репьевка,Каменная Степь
1812,Таловая,Каменная Степь
1813,Терновка,Каменная Степь
1814,Эртиль,Каменная Степь
1815,Кочубей,Грозный
1816,Советское,Грозный
1817,Тарумовка,Грозный
1818,Тлярата,Грозный
1819,Архиповка,Кострома
1820,Долматовский,Кострома
1821,Заречный,Кострома
1822,Каминский,Кострома
1823,Комсомольск,Кострома
1824,Лух,Кострома
1825,Савино,Кострома
1826,Сокольское,Кострома
1827,Фурманов,Кострома
1828,Алексеевск,Нижнеудинск
1829,Алыгжер,Нижнеудинск
1830,Баяндай,Нижнеудинск
1831,Бодайбо,Нижнеудинск
1832,Большая Речка,Нижнеудинск
1833,Большой Луг,Нижнеудинск
1834,Бохан,Нижнеудинск
1835,Забитуй,Нижнеудинск
1836,Звездный,Нижнеудинск
1837,Зима,Нижнеудинск
1838,Казачинское,Нижнеудинск
1839,Качуг,Нижнеудинск
1840,Култук,Нижнеудинск
1841,Мама,Нижнеудинск
1842,Оса,Нижнеудинск
1843,Слюдянка,Нижнеудинск
1844,Шелехов,Нижнеудинск
1845,Баксан,Пятигорск
1846,Майский,Пятигорск
1847,Чегем-Первый,Пятигорск
1848,Гурьевск,Калининград
1849,Гусев,Калининград
1850,Знаменск,Калининград
1851,Кенисберг,Калининград
1852,Нестеров,Калининград
1853,Озерск,Калининград
1854,Светлогорск,Калининград
1855,Светлый,Калининград
1856,Советск,Калининград
1857,Аршань,Астрахань
1858,Комсомольский,Астрахань
1859,Приютное,Астрахань
1860,Утта,Астрахань
1861,Бабынино,Москва
1862,Барятино,Москва
1863,Белоусово,Москва
1864,Еленский,Москва
1865,Жиздра,Москва
1866,Перемышль,Москва
1867,Ульяново,Москва
1868,Ферзиково,Москва
1869,Хвастовичи,Москва
1870,Кировский,Магадан
1871,Крапивная,Магадан
1872,Мильково,Магадан
1873,Никольское,Магадан
1874,Оссора,Магадан
1875,Парень,Магадан
1876,Тигиль,Магадан
1877,Амбарный,Петрозаводск
1878,Гирвас,Петрозаводск
1879,Деревянка,Петрозаводск
1880,Идель,Петрозаводск
1881,Импалахти,Петрозаводск
1882,Калевала,Петрозаводск
1883,Кемь,Петрозаводск
1884,Лоухи,Петрозаводск
1885,Пряжа,Петрозаводск
1886,Барзас,Томск
1887,Березовский,Томск
1888,Грамотеино,Томск
1889,Кедровка,Томск
1890,Тайга,Томск
1891,Яя,Томск
1892,Аркуль,Киров
1893,Богородское,Киров
1894,Боровой,Киров
1895,Кильмезь,Киров
1896,Кобра,Киров
1897,Ленинское,Киров
1898,Луза,Киров
1899,Нема,Киров
1900,Свеча,Киров
1901,Суна,Киров
1902,Уни,Киров
1903,Халтурин,Киров
1904,Абезь,Чокурдах
1905,Айкино,Чокурдах
1906,Водный,Чокурдах
1907,Вожаель,Чокурдах
1908,Гешарт,Чокурдах
1909,Елецкий,Чокурдах
1910,Ижма,Чокурдах
1911,Кажым,Чокурдах
1912,Кожым,Чокурдах
1913,Антропово,Котлас
1914,Буй,Котлас
1915,Галич,Котлас
1916,Зебляки,Котлас
1917,Нерехта,Котлас
1918,Нея,Котлас
1919,Островское,Котлас
1920,Павино,Котлас
1921,Сусанино,Котлас
1922,Армавир,Приморско-Ахтарск
1923,Выселки,Приморско-Ахтарск
1924,Калинино,Приморско-Ахтарск
1925,Калининская,Приморско-Ахтарск
1926,Красноармейская,Приморско-Ахтарск
1927,Кропоткин,Приморско-Ахтарск
1928,Крыловская,Приморско-Ахтарск
1929,Лениградская,Приморско-Ахтарск
1930,Отрадная,Приморско-Ахтарск
1931,Павловская,Приморско-Ахтарск
1932,Тульский,Приморско-Ахтарск
1933, Железногорск,Минусинск
1934,Абаза,Минусинск
1935,Абан,Минусинск
1936,Аскиз,Минусинск
1937,Балыкса,Минусинск
1938,Белый Яр,Минусинск
1939,Дзержинское,Минусинск
1940,Диксон,Минусинск
1941,Емельяново,Минусинск
1942,Караул,Минусинск
1943,Кежма,Минусинск
1944,Копьево,Минусинск
1945,Курагино,Минусинск
1946,Назарово,Минусинск
1947,Новоселово,Минусинск
1948,Партизанское,Минусинск
1949,Сосновоборск,Минусинск
1950,Таштып,Минусинск
1951,Тура,Минусинск
1952,Тюхтет,Минусинск
1953,Хатанга,Минусинск
1954,Черемушки,Минусинск
1955,Шира,Минусинск
1956,Кетово,Петропавловск
1957,Курган,Петропавловск
1958,Лебяжье,Петропавловск
1959,Мишкино,Петропавловск
1960,Мокроусово,Петропавловск
1961,Петухово,Петропавловск
1962,Половинное,Петропавловск
1963,Шатрово,Петропавловск
1964,Шумиха,Петропавловск
1965,Щучье,Петропавловск
1966,Юргамыш,Петропавловск
1967,Альменево,Курск
1968,Белая,Курск
1969,Глушково,Курск
1970,Железногорск,Курск
1971,Золотухино,Курск
1972,Курчатов,Курск
1973,Тим,Курск
1974,Хомутовка,Курск
1975,Данхов,Воронеж
1976,Доброе,Воронеж
1977,Долгоруково,Воронеж
1978,Измалково,Воронеж
1979,Казинка,Воронеж
1980,Лев Толстой,Воронеж
1981,Хлевное,Воронеж
1982,Чаплыгин,Воронеж
1983,Большевик,Анадырь
1984,Ванкарем,Анадырь
1985,Иульитин,Анадырь
1986,Лаврентия,Анадырь
1987,Мыс Шмидта,Анадырь
1988,Омонск,Анадырь
1989,Палатка,Анадырь
1990,Сеймчан,Анадырь
1991,Синегорье,Анадырь
1992,Ягодное,Анадырь
1993,Дубовский,Казань
1994,Медведево,Казань
1995,Новый Торьял,Казань
1996,Советский,Казань
1997,Юрино,Казань
1998,Ардатов,Елатьма
1999,Выша,Елатьма
2000,Ельники,Елатьма
2001,Инсар,Елатьма
2002,Кочкурово,Елатьма
2003,Краснослободск,Елатьма
2004,Ромоданово,Елатьма
2005,Торбеево,Елатьма
2006,Чамзинка,Елатьма
2007,Кола,Кандалакша
2008,Конда,Кандалакша
2009,Никель,Кандалакша
2010,Снежногорск,Кандалакша
2011,Умба,Кандалакша
2012,Большереченск,Елатьма
2013,Бор,Елатьма
2014,Бутурлино,Елатьма
2015,Вад,Елатьма
2016,Вача,Елатьма
2017,Велетьма,Елатьма
2018,Ветлуга,Елатьма
2019,Вознесенское,Елатьма
2020,Воскресенское,Елатьма
2021,Выездное,Елатьма
2022,Гагино,Елатьма
2023,Гидроторф,Елатьма
2024,Горький,Елатьма
2025,Дзержинск,Елатьма
2026,Заволжье,Елатьма
2027,Первомайск,Елатьма
2028,Перевоз,Елатьма
2029,Починки,Елатьма
2030,Сосновское,Елатьма
2031,Спасское,Елатьма
2032,Уразовка,Елатьма
2033,Чкаловск,Елатьма
2034,Анциферово,Санкт-Петербург
2035,Большая Вишера,Санкт-Петербург
2036,Волот,Санкт-Петербург
2037,Деманск,Санкт-Петербург
2038,Зарубино,Санкт-Петербург
2039,Кресцы,Санкт-Петербург
2040,Марево,Санкт-Петербург
2041,Мошенское,Санкт-Петербург
2042,Хвойное,Санкт-Петербург
2043,Холм,Санкт-Петербург
2044,Баган,Барабинск
2045,Завьялово,Барабинск
2046,Карасук,Барабинск
2047,Каргат,Барабинск
2048,Колывань,Барабинск
2049,Крутиха,Барабинск
2050,Куйбышев,Барабинск
2051,Купино,Барабинск
2052,Михайловский,Барабинск
2053,Мошково,Барабинск
2054,Северное,Барабинск
2055,Убинское,Барабинск
2056,Чаны,Барабинск
2057,Чулым,Барабинск
2058,Береговой,Красноярск
2059,Большеречье,Красноярск
2060,Горьковское,Красноярск
2061,Знаменское,Красноярск
2062,Колосовка,Красноярск
2063,Марьяновка,Красноярск
2064,Муромцево,Красноярск
2065,Нижняя Омка,Красноярск
2066,Полтавка,Красноярск
2067,Русская Поляна,Красноярск
2068,Седельниково,Красноярск
2069,Таврическое,Красноярск
2070,Тара,Красноярск
2071,Черлак,Красноярск
2072,Адамовка,Оренбург
2073,Гай,Оренбург
2074,Грачевка,Оренбург
2075,Дубенский,Оренбург
2076,Илек,Оренбург
2077,Матвеевка,Оренбург
2078,Новосергиевка,Оренбург
2079,Октябрьское,Оренбург
2080,Пономаревка,Оренбург
2081,Ташла,Оренбург
2082,Шарлык,Оренбург
2083,Энергетик,Оренбург
2084,Верховье,Курск
2085,Змиевка,Курск
2086,Красная Заря,Курск
2087,Малоархангельск,Курск
2088,Орел,Курск
2089,Покровское,Курск
2090,Тросна,Курск
2091,Хомутово,Курск
2092,Шаблыкино,Курск
2093,Беково,Тамбов
2094,Белинский,Тамбов
2095,Бессоновка,Тамбов
2096,Евлашево,Тамбов
2097,Золотаревка,Тамбов
2098,Исса,Тамбов
2099,Лопатино,Тамбов
2100,Сура,Тамбов
2101,Тамала,Тамбов
2102,Барда,Пермь
2103,Гайны,Пермь
2104,Елово,Пермь
2105,Карагай,Пермь
2106,Коса,Пермь
2107,Кочево,Пермь
2108,Куеда,Пермь
2109,Орда,Пермь
2110,Усть-Кишерть,Пермь
2111,Чайковский,Пермь
2112,Частые,Пермь
2113,Чернореченский,Пермь
2114,Чернушка,Пермь
2115,Юсьва,Пермь
2116,Анучино,Ивдель
2117,Арсеньев,Ивдель
2118,Артем,Ивдель
2119,Валентин,Ивдель
2120,Горный,Ивдель
2121,Лазо,Ивдель
2122,Новопокровка,Ивдель
2123,Ольга,Ивдель
2124,Пограничный,Ивдель
2125,Покровка,Ивдель
2126,Русский,Ивдель
2127,Самарга,Ивдель
2128,Славянка,Ивдель
2129,Фокино,Ивдель
2130,Хасан,Ивдель
2131,Черниговка,Ивдель
2132,Чугуевка,Ивдель
2133,Яковлевка,Ивдель
2134,Дно,Великие Луки
2135,Кунья,Великие Луки
2136,Локня,Великие Луки
2137,Остров,Великие Луки
2138,Палкино,Великие Луки
2139,Плюсса,Великие Луки
2140,Струги-Красные,Великие Луки
2141,Аксай,Ростов-на-Дону
2142,Аютинск,Ростов-на-Дону
2143,Восход,Ростов-на-Дону
2144,Гигант,Ростов-на-Дону
2145,Горняцкий,Ростов-на-Дону
2146,Донской,Ростов-на-Дону
2147,Дубовское,Ростов-на-Дону
2148,Жирнов,Ростов-на-Дону
2149,Заветное,Ростов-на-Дону
2150,Заводской,Ростов-на-Дону
2151,Зимовники,Ростов-на-Дону
2152,Казанская,Ростов-на-Дону
2153,Каменоломни,Ростов-на-Дону
2154,Кашары,Ростов-на-Дону
2155,Куйбышево,Ростов-на-Дону
2156,Орловский,Ростов-на-Дону
2157,Пролетарск,Ростов-на-Дону
2158,Целина,Ростов-на-Дону
2159,Чертково,Ростов-на-Дону
2160,Александро-Невский,Томск
2161,Захарово,Томск
2162,Милославское,Томск
2163,Михайлов,Томск
2164,Путятино,Томск
2165,Сапожок,Томск
2166,Сараи,Томск
2167,Шацк,Томск
2168,Шилово,Томск
2169,Богатое,Харьков
2170,Богатырь,Харьков
2171,Большая Глущица,Харьков
2172,Борское,Харьков
2173,Камышла,Харьков
2174,Кинель-Черкасы,Харьков
2175,Клявлино,Харьков
2176,Кошки,Харьков
2177,Красноармейское,Харьков
2178,Нефтегорск,Харьков
2179,Октябрьск,Харьков
2180,Приволжье,Харьков
2181,Сургут (Самарская обл.),Харьков
2182,Хворостянка,Харьков
2183,Балашов,Александров Гай
2184,Возрождение,Александров Гай
2185,Дергачи,Александров Гай
2186,Екатериновка,Александров Гай
2187,Ершов,Александров Гай
2188,Каменский,Александров Гай
2189,Лысые Горы,Александров Гай
2190,Маркс,Александров Гай
2191,Перелюб,Александров Гай
2192,Петровск,Александров Гай
2193,Пугачев,Александров Гай
2194,Ровное,Александров Гай
2195,Самойловка,Александров Гай
2196,Степное,Александров Гай
2197,Турки,Александров Гай
2198,Энгельс,Александров Гай
2199,Алдан,Архангельск
2200,Бестях,Архангельск
2201,Власово,Архангельск
2202,Зырянка,Архангельск
2203,Майя,Архангельск
2204,Менкеря,Архангельск
2205,Покровск,Архангельск
2206,Хандыга,Архангельск
2207,Черский,Архангельск
2208,Анбэцу,Александровск-Сахалинский
2209,Анива,Александровск-Сахалинский
2210,Бошняково,Александровск-Сахалинский
2211,Быков,Александровск-Сахалинский
2212,Вахрушев,Александровск-Сахалинский
2213,Взморье,Александровск-Сахалинский
2214,Гастелло,Александровск-Сахалинский
2215,Корсаков,Александровск-Сахалинский
2216,Макаров,Александровск-Сахалинский
2217,Томари,Александровск-Сахалинский
2218,Углегорск,Александровск-Сахалинский
2219,Шахтерск,Александровск-Сахалинский
2220,Алтынай,Ивдель
2221,Асбест,Ивдель
2222,Байкалово,Ивдель
2223,Белоярский,Ивдель
2224,Богданович,Ивдель
2225,Висим,Ивдель
2226,Волчанск,Ивдель
2227,Воронцовка,Ивдель
2228,Гари,Ивдель
2229,Изумруд,Ивдель
2230,Ис,Ивдель
2231,Лесной,Ивдель
2232,Михайловск,Ивдель
2233,Ревда,Ивдель
2234,Серов,Ивдель
2235,Сосьва,Ивдель
2236,Сухой Лог,Ивдель
2237,Сысерть,Ивдель
2238,Таборы,Ивдель
2239,Тавда,Ивдель
2240,Ардон,Тбилиси
2241,Орджоникидзе,Тбилиси
2242,Глинка,Великие Луки
2243,Демидов,Великие Луки
2244,Кардымово,Великие Луки
2245,Красный,Великие Луки
2246,Монастырщина,Великие Луки
2247,Починок,Великие Луки
2248,Сафоново,Великие Луки
2249,Александровское,Элиста
2250,Дивное,Элиста
2251,Домбай,Элиста
2252,Донское,Элиста
2253,Преградная,Элиста
2254,Бондари,Геническ
2255,Знаменка,Геническ
2256,Мордово,Геническ
2257,Петровское,Геническ
2258,Пичаево,Геническ
2259,Токаревка,Геническ
2260,Умет,Геническ
2261,Актюбинский,Ижевск
2262,Алексеевское,Ижевск
2263,Брежнев,Ижевск
2264,Буинск,Ижевск
2265,Васильево,Ижевск
2266,Высокая Гора,Ижевск
2267,Кукмод,Ижевск
2268,Муслюмово,Ижевск
2269,Белый,Великие Луки
2270,Березайка,Великие Луки
2271,Выползово,Великие Луки
2272,Заречье,Великие Луки
2273,Калашниково,Великие Луки
2274,Калинин,Великие Луки
2275,Лесное,Великие Луки
2276,Молоково,Великие Луки
2277,Оленино,Великие Луки
2278,Спирово,Великие Луки
2279,Старица,Великие Луки
2280,Бакчар,Элиста
2281,Батурино,Элиста
2282,Зырянское,Элиста
2283,Итатка,Элиста
2284,Кожевниково,Элиста
2285,Кривошеино,Элиста
2286,Мельниково,Элиста
2287,Молчаново,Элиста
2288,Парабель,Элиста
2289,Первомайское,Элиста
2290,Подгорное,Элиста
2291,Бай Хаак,Минусинск
2292,Суть-Холь,Минусинск
2293,Туран,Минусинск
2294,Эрзин,Минусинск
2295,Агеево,Москва
2296,Арсеньево,Москва
2297,Барсуки,Москва
2298,Волово,Москва
2299,Горелки,Москва
2300,Ефремов,Москва
2301,Казановка,Москва
2302,Куркино,Москва
2303,Ленинский,Москва
2304,Новомосковск,Москва
2305,Суворов,Москва
2306,Ясногорск,Москва
2307,Бердюжье,Петропавловск
2308,Викулово,Петропавловск
2309,Исетское,Петропавловск
2310,Казанское,Петропавловск
2311,Кондинское,Петропавловск
2312,Мужи,Петропавловск
2313,Радужный,Петропавловск
2314,Сладково,Петропавловск
2315,Уват,Петропавловск
2316,Юрибей,Петропавловск
2317,Ярково,Петропавловск
2318,Игра,Ижевск
2319,Киясово,Ижевск
2320,Ува,Ижевск
2321,Устинов,Ижевск
2322,Яр,Ижевск
2323,Барыш,Саратов
2324,Глотовка,Саратов
2325,Димитровград,Саратов
2326,Измайлово,Саратов
2327,Майна,Саратов
2328,Новоспасское,Саратов
2329,Павловка,Саратов
2330,Радищево,Саратов
2331,Чердаклы,Саратов
2332,Деркул,Ростов-на-Дону
2333,Джаныбек,Ростов-на-Дону
2334,Калмыково,Ростов-на-Дону
2335,Каратобе,Ростов-на-Дону
2336,Фурманово,Ростов-на-Дону
2337,Чапаев,Ростов-на-Дону
2338,Аян,Хабаровск
2339,Березовый,Хабаровск
2340,Бикин,Хабаровск
2341,Бира,Хабаровск
2342,Высокогорный,Хабаровск
2343,Вяземский,Хабаровск
2344,Дормидонтовка,Хабаровск
2345,Заветы Ильича,Хабаровск
2346,Известковый,Хабаровск
2347,Иннокентьевка,Хабаровск
2348,Нелькан,Хабаровск
2349,Смидович,Хабаровск
2350,Софийск,Хабаровск
2351,Тугур,Хабаровск
2352,Кунашак,Уфа
2353,Пласт,Уфа
2354,Сим,Уфа
2355,Уйское,Уфа
2356,Фершампенуаз,Уфа
2357,Чесма,Уфа
2358,Юрюзань,Уфа
2359,Аргун,Грозный
2360,Гудермез,Грозный
2361,Акша,Чита
2362,Арбагар,Чита
2363,Атамановка,Чита
2364,Жиндо,Чита
2365,Калга,Чита
2366,Карымское,Чита
2367,Кличка,Чита
2368,Ключевский,Чита
2369,Кокуй,Чита
2370,Кыра,Чита
2371,Моготуй,Чита
2372,Нижний Часучей,Чита
2373,Тупик,Чита
2374,Хилок,Чита
2375,Чара,Чита
2376,Шелопугино,Чита
2377,Аликово,Казань
2378,Батырева,Казань
2379,Комсомольское,Казань
2380,Порецкое,Казань
2381,Янтиково,Казань
2382,Тарко,Сургут
2383,Андропов,Вологда
2384,Берендеево,Вологда
2385,Борисоглебский,Вологда
2386,Бурмакино,Вологда
2387,Варегово,Вологда
2388,Данилов,Вологда
2389,Мышкино,Вологда
2390,Гагарин,Смоленск
2391,Итака,Чита
